{"IcoMoonType":"selection","icons":[{"icon":{"paths":["M384 928c0 53.019-42.981 96-96 96s-96-42.981-96-96c0-53.019 42.981-96 96-96s96 42.981 96 96z","M1024 928c0 53.019-42.981 96-96 96s-96-42.981-96-96c0-53.019 42.981-96 96-96s96 42.981 96 96z","M1024 512v-384h-768c0-35.346-28.654-64-64-64h-192v64h128l48.074 412.054c-29.294 23.458-48.074 59.5-48.074 99.946 0 70.696 57.308 128 128 128h768v-64h-768c-35.346 0-64-28.654-64-64 0-0.218 0.014-0.436 0.016-0.656l831.984-127.344z"],"attrs":[],"isMulticolor":false,"isMulticolor2":false,"tags":["cart","purchase","ecommerce","shopping"],"defaultCode":59706,"grid":16},"attrs":[],"properties":{"ligatures":"cart, purchase","name":"cart","id":58,"order":25,"prevSize":32,"code":59706},"setIdx":0,"setId":0,"iconIdx":58},{"icon":{"paths":["M706.744 354.744l90.512 90.512-285.256 285.254-285.254-285.256 90.508-90.508 194.746 194.744z"],"attrs":[],"isMulticolor":false,"isMulticolor2":false,"tags":["circle-left","left","circle-previous","arrow"],"defaultCode":59972,"grid":16},"attrs":[],"properties":{"ligatures":"circle-left, left5","name":"circle-left","id":324,"order":26,"prevSize":32,"code":59972},"setIdx":0,"setId":0,"iconIdx":324}],"height":1024,"metadata":{"name":"icomoon"},"preferences":{"showGlyphs":true,"showQuickUse":true,"showQuickUse2":true,"showSVGs":true,"fontPref":{"prefix":"icon-","metadata":{"fontFamily":"icomoon","majorVersion":1,"minorVersion":0},"metrics":{"emSize":1024,"baseline":6.25,"whitespace":50},"embed":false,"autoHost":true},"imagePref":{"prefix":"icon-","png":true,"useClassSelector":true,"color":0,"bgColor":16777215,"classSelector":".icon"},"historySize":50,"showCodes":true,"gridSize":16,"quickUsageToken":{"UntitledProject":"NTNhNDE1MzBkMjM2YWJkNWQ5ZTQ2MTkzMWJhZDU3N2IjMSMxNjU4MTQ4OTIyIyMjYmQ1N2RhOGI3NWEw"}}}